Time,domain
2021-09-30 15:54:14,localhost:8888
2021-09-30 15:53:37,localhost:8888
2021-09-30 15:53:29,localhost:8888
2021-09-30 15:53:26,localhost:8888
2021-09-30 15:52:11,localhost:8888
2021-09-30 15:51:04,localhost:8888
2021-09-30 15:50:28,localhost:8888
2021-09-30 15:50:26,localhost:8888
2021-09-30 15:50:25,localhost:8888
2021-09-30 15:50:20,localhost:8888
2021-09-30 15:45:55,pypi.org
2021-09-30 15:45:27,www.reddit.com
2021-09-30 15:45:21,www.google.com
2021-09-30 15:44:56,stackoverflow.com
2021-09-30 15:44:54,www.google.com
2021-09-30 15:44:06,www.google.com
2021-09-30 15:43:45,www.google.com
2021-09-30 15:42:41,localhost:8888
2021-09-30 15:42:09,www.youtube.com
2021-09-30 15:42:08,youtube.com
2021-09-30 15:36:06,www.google.com
2021-09-30 15:35:55,www.google.com
2021-09-30 15:34:42,www.sanodsolutions.com
2021-09-30 15:34:42,stackoverflow.com
2021-09-30 15:34:35,www.google.com
2021-09-30 15:32:51,www.google.com
2021-09-30 15:31:09,localhost:8888
2021-09-30 15:29:51,mail.google.com
2021-09-30 15:29:48,mail.google.com
2021-09-30 15:29:45,mail.google.com
2021-09-30 15:29:45,mail.google.com
2021-09-30 15:29:45,mail.google.com
2021-09-30 15:13:56,localhost:8888
2021-09-30 15:13:49,localhost:8888
2021-09-30 15:13:47,localhost:8888
2021-09-30 15:13:42,localhost:8888
2021-09-30 15:11:41,
2021-09-29 21:48:16,developer.blackboard.com
2021-09-29 21:48:16,chatbot.foundations.blackboard.com
2021-09-29 21:48:15,chatbot.foundations.blackboard.com
2021-09-29 21:48:15,blackboard.umbc.edu
2021-09-29 21:48:15,blackboard.umbc.edu
2021-09-29 21:48:13,blackboard.umbc.edu
2021-09-29 21:48:13,umbc.eesysoft.com
2021-09-29 21:48:12,umbc.eesysoft.com
2021-09-29 21:48:12,us.cstp.blackboard.com
2021-09-29 21:48:12,blackboard.umbc.edu
2021-09-29 21:48:12,blackboard.umbc.edu
2021-09-29 21:48:11,blackboard.umbc.edu
2021-09-29 21:48:11,blackboard.umbc.edu
2021-09-29 21:48:10,webauth.umbc.edu
2021-09-29 21:48:08,blackboard.umbc.edu
2021-09-29 21:48:08,webauth.umbc.edu
2021-09-29 21:48:08,webauth.umbc.edu
2021-09-29 21:48:06,blackboard.umbc.edu
2021-09-29 21:48:06,blackboard.umbc.edu
2021-09-29 21:33:45,pandas.pydata.org
2021-09-29 21:33:44,www.google.com
2021-09-29 21:18:37,github.com
2021-09-29 21:16:29,localhost:8888
2021-09-29 21:16:27,localhost:8888
2021-09-29 21:15:50,localhost:8888
2021-09-29 21:15:44,localhost:8888
2021-09-29 21:15:43,
2021-09-29 21:08:26,localhost:8888
2021-09-29 21:07:16,localhost:8888
2021-09-29 21:07:15,
2021-09-29 20:52:37,localhost:8888
2021-09-29 20:51:07,www.google.com
2021-09-29 20:12:48,localhost:8888
2021-09-29 20:12:45,localhost:8888
2021-09-29 20:12:43,localhost:8888
2021-09-29 20:12:42,localhost:8888
2021-09-29 20:12:27,localhost:8888
2021-09-29 20:01:24,localhost:8888
2021-09-29 19:58:49,localhost:8888
2021-09-29 19:57:22,localhost:8888
2021-09-29 19:56:30,localhost:8888
2021-09-29 19:56:28,localhost:8888
2021-09-29 19:56:01,localhost:8888
2021-09-29 19:55:51,localhost:8888
2021-09-29 19:55:20,reiyoshizawa.com
2021-09-29 19:55:12,www.google.com
2021-09-29 19:54:16,stackoverflow.com
2021-09-29 19:54:14,www.google.com
2021-09-29 19:37:18,www.google.com
2021-09-29 19:29:28,www.trifacta.com
2021-09-29 19:29:26,www.google.com
2021-09-29 19:19:18,github.com
2021-09-29 19:11:30,github.com
2021-09-29 19:11:30,github.com
2021-09-29 19:11:03,github.com
2021-09-29 19:10:34,github.com
2021-09-29 19:10:23,www.google.com
2021-09-29 19:00:46,localhost:8888
2021-09-29 18:47:12,stackoverflow.com
2021-09-29 18:47:10,www.google.com
2021-09-29 18:46:24,jovian.ai
2021-09-29 18:46:20,jovian.ai
2021-09-29 18:46:20,stackoverflow.com
2021-09-29 18:46:20,jovian.ai
2021-09-29 18:34:18,stackoverflow.com
2021-09-29 18:34:14,www.google.com
2021-09-29 18:32:50,www.delftstack.com
2021-09-29 18:28:37,colab.research.google.com
2021-09-29 18:27:43,www.geeksforgeeks.org
2021-09-29 18:27:35,www.google.com
2021-09-29 18:27:27,stackoverflow.com
2021-09-29 18:27:22,www.google.com
2021-09-29 18:27:17,www.google.com
2021-09-29 18:25:43,colab.research.google.com
2021-09-29 18:22:58,www.delftstack.com
2021-09-29 18:22:55,www.google.com
2021-09-29 18:19:09,humansofdata.atlan.com
2021-09-29 18:19:07,learnche.org
2021-09-29 18:18:59,learnche.org
2021-09-29 18:18:56,humansofdata.atlan.com
2021-09-29 18:18:53,www.google.com
2021-09-29 18:18:24,stackabuse.com
2021-09-29 18:18:16,seaborn.pydata.org
2021-09-29 18:18:13,www.google.com
2021-09-29 18:17:09,www.google.com
2021-09-29 18:17:06,www.google.com
2021-09-29 18:16:45,machinelearningmastery.com
2021-09-29 18:16:43,www.google.com
2021-09-29 18:16:01,localhost:8888
2021-09-29 18:13:21,www.youtube.com
2021-09-29 18:13:21,www.youtube.com
2021-09-29 18:04:05,colab.research.google.com
2021-09-29 18:02:20,colab.research.google.com
2021-09-29 18:02:07,colab.research.google.com
2021-09-29 17:04:46,arxiv.org
2021-09-29 17:03:30,pdfs.semanticscholar.org
2021-09-29 17:02:31,www.academia.edu
2021-09-29 17:02:23,www.academia.edu
2021-09-29 16:59:18,web.wpi.edu
2021-09-29 16:59:16,www.google.com
2021-09-29 16:58:59,www.google.com
2021-09-29 16:58:51,www.google.com
2021-09-29 16:56:37,csl.stanford.edu
2021-09-29 16:47:35,blackboard.umbc.edu
2021-09-29 16:47:35,alt-5954eb74c7df4.blackboard.com
2021-09-29 16:47:35,alt-5954eb74c7df4.blackboard.com
2021-09-29 16:47:35,learn-us-east-1-prod-fleet01-xythos.content.blackboardcdn.com
2021-09-29 16:47:32,blackboard.umbc.edu
2021-09-29 16:47:32,blackboard.umbc.edu
2021-09-29 16:47:32,blackboard.umbc.edu
2021-09-29 16:47:32,blackboard.umbc.edu
2021-09-29 16:46:13,users.ece.cmu.edu
2021-09-29 16:45:55,www.google.com
2021-09-29 16:43:43,blackboard.umbc.edu
2021-09-29 16:43:39,blackboard.umbc.edu
2021-09-29 16:43:26,blackboard.umbc.edu
2021-09-29 16:43:17,blackboard.umbc.edu
2021-09-29 16:43:17,blackboard.umbc.edu
2021-09-29 16:43:09,blackboard.umbc.edu
2021-09-29 16:43:04,blackboard.umbc.edu
2021-09-29 16:43:04,blackboard.umbc.edu
2021-09-29 16:43:04,blackboard.umbc.edu
2021-09-29 16:41:20,www.academia.edu
2021-09-29 16:41:10,www.academia.edu
2021-09-29 16:40:21,www.academia.edu
2021-09-29 16:40:19,www.academia.edu
2021-09-29 16:40:09,www.academia.edu
2021-09-29 16:39:33,ieeexplore.ieee.org
2021-09-29 16:39:30,www.google.com
2021-09-29 16:35:16,web.whatsapp.com
2021-09-29 16:30:09,www.researchgate.net
2021-09-29 16:30:00,www.researchgate.net
2021-09-29 16:29:47,www.google.com
2021-09-29 16:29:35,dl.acm.org
2021-09-29 16:28:18,dl.acm.org
2021-09-29 16:28:18,dl.acm.org
2021-09-29 16:28:14,www.google.com
2021-09-29 16:27:40,www.cs.utexas.edu
2021-09-29 16:27:36,www.google.com
2021-09-29 16:27:28,course.ece.cmu.edu
2021-09-29 16:27:26,www.google.com
2021-09-29 16:27:17,www.google.com
2021-09-29 16:22:25,parsec.cs.princeton.edu
2021-09-29 16:22:17,www.google.com
2021-09-29 16:22:06,towardsdatascience.com
2021-09-29 16:22:03,www.google.com
2021-09-29 16:21:38,www.researchgate.net
2021-09-29 16:21:35,www.google.com
2021-09-29 16:19:33,blackboard.umbc.edu
2021-09-29 16:19:33,blackboard.umbc.edu
2021-09-29 16:19:10,blackboard.umbc.edu
2021-09-29 16:18:44,blackboard.umbc.edu
2021-09-29 16:18:37,umbc.eesysoft.com
2021-09-29 16:18:37,blackboard.umbc.edu
2021-09-29 16:18:37,blackboard.umbc.edu
2021-09-29 16:18:37,chatbot.foundations.blackboard.com
2021-09-29 16:18:36,blackboard.umbc.edu
2021-09-29 16:18:36,blackboard.umbc.edu
2021-09-29 16:14:41,www.whatsapp.com
2021-09-29 16:14:34,apps.apple.com
2021-09-29 16:14:33,itunes.apple.com
2021-09-29 16:14:29,www.whatsapp.com
2021-09-29 16:13:37,www.google.com
2021-09-29 15:29:55,colab.research.google.com
2021-09-29 15:28:06,colab.research.google.com
2021-09-29 15:25:59,colab.research.google.com
2021-09-29 15:25:36,colab.research.google.com
2021-09-29 15:25:36,colab.research.google.com
2021-09-29 15:25:34,colab.research.google.com
2021-09-29 15:25:34,colab.research.google.com
2021-09-29 15:25:31,colab.research.google.com
2021-09-29 15:25:30,colab.research.google.com
2021-09-29 15:25:19,drive.google.com
2021-09-29 15:24:59,drive.google.com
2021-09-29 15:17:02,stackoverflow.com
2021-09-29 15:16:59,www.google.com
2021-09-29 15:14:22,
2021-09-29 10:55:04,cloudconvert.com
2021-09-29 10:55:03,cloudconvert.com
2021-09-29 10:55:03,cloudconvert.com
2021-09-29 10:54:45,www.google.com
2021-09-29 10:53:39,cloudconvert.com
2021-09-29 10:53:36,www.google.com
2021-09-29 10:50:01,discussions.apple.com
2021-09-29 10:49:51,www.google.com
2021-09-28 21:31:09,colab.research.google.com
2021-09-28 21:26:11,blackboard.umbc.edu
2021-09-28 21:23:09,colab.research.google.com
2021-09-28 21:12:23,pandas.pydata.org
2021-09-28 21:12:22,pandas.pydata.org
2021-09-28 21:12:22,pandas.pydata.org
2021-09-28 21:11:29,stackoverflow.com
2021-09-28 21:11:27,www.google.com
2021-09-28 21:06:23,pandas.pydata.org
2021-09-28 21:06:14,pandas.pydata.org
2021-09-28 21:06:13,www.google.com
2021-09-28 21:06:08,pandas.pydata.org
2021-09-28 21:04:02,www.geeksforgeeks.org
2021-09-28 21:03:58,stackoverflow.com
2021-09-28 21:03:52,www.google.com
2021-09-28 21:03:40,www.google.com
2021-09-28 21:03:10,www.google.com
2021-09-28 21:03:10,stackoverflow.com
2021-09-28 21:01:16,pandas.pydata.org
2021-09-28 21:00:49,www.google.com
2021-09-28 21:00:20,stackoverflow.com
2021-09-28 20:59:39,towardsdatascience.com
2021-09-28 20:59:29,www.google.com
2021-09-28 20:57:08,stackoverflow.com
2021-09-28 20:57:07,stackoverflow.com
2021-09-28 20:56:48,www.google.com
2021-09-28 20:56:27,www.google.com
2021-09-28 20:43:04,stackoverflow.com
2021-09-28 20:43:03,pandas.pydata.org
2021-09-28 20:42:59,www.google.com
2021-09-28 20:40:00,stackoverflow.com
2021-09-28 20:39:58,www.google.com
2021-09-28 20:39:51,www.google.com
2021-09-28 20:39:31,stackoverflow.com
2021-09-28 20:39:09,pandas.pydata.org
2021-09-28 20:34:15,www.google.com
2021-09-28 20:31:48,blackboard.umbc.edu
2021-09-28 20:31:48,blackboard.umbc.edu
2021-09-28 20:31:46,blackboard.umbc.edu
2021-09-28 20:31:29,umbc.eesysoft.com
2021-09-28 20:31:29,chatbot.foundations.blackboard.com
2021-09-28 20:31:28,blackboard.umbc.edu
2021-09-28 20:31:28,blackboard.umbc.edu
2021-09-28 20:31:28,blackboard.umbc.edu
2021-09-28 20:31:28,blackboard.umbc.edu
2021-09-28 20:29:59,www.earthdatascience.org
2021-09-28 20:29:53,www.google.com
2021-09-28 20:29:47,stackoverflow.com
2021-09-28 20:29:46,www.google.com
2021-09-28 20:27:01,datascienceanywhere.medium.com
2021-09-28 20:26:58,www.google.com
2021-09-28 20:26:22,cristinasahoo.medium.com
2021-09-28 20:22:36,www.kite.com
2021-09-28 20:22:34,www.google.com
2021-09-28 20:22:30,www.google.com
2021-09-28 20:22:03,stackoverflow.com
2021-09-28 20:21:59,www.google.com
2021-09-28 20:21:34,moonbooks.org
2021-09-28 20:16:05,stackoverflow.com
2021-09-28 20:16:01,www.google.com
2021-09-28 20:15:48,www.google.com
2021-09-28 20:08:59,www.delftstack.com
2021-09-28 20:08:40,stackoverflow.com
2021-09-28 20:08:39,www.delftstack.com
2021-09-28 20:08:35,www.google.com
2021-09-28 20:06:18,pandas.pydata.org
2021-09-28 20:06:15,www.google.com
2021-09-28 20:06:08,towardsdatascience.com
2021-09-28 20:05:46,stackoverflow.com
2021-09-28 20:05:38,www.google.com
2021-09-28 20:04:20,colab.research.google.com
2021-09-28 20:03:42,drive.google.com
2021-09-28 20:03:40,drive.google.com
2021-09-28 20:03:23,drive.google.com
2021-09-28 20:00:21,localhost:8888
2021-09-28 20:00:20,
2021-09-27 15:45:35,mail.google.com
2021-09-26 16:30:48,www.google.com
2021-09-26 15:39:20,mail.google.com
2021-09-26 15:25:02,mail.google.com
2021-09-26 15:24:51,mail.google.com
2021-09-26 15:18:58,drive.google.com
2021-09-26 15:17:26,drive.google.com
2021-09-26 15:17:03,drive.google.com
2021-09-26 15:17:02,www.google.com
2021-09-26 15:17:02,drive.google.com
2021-09-26 15:17:01,mail.google.com
2021-09-26 15:16:59,mail.google.com
2021-09-26 15:16:43,mail.google.com
2021-09-26 15:16:37,mail.google.com
2021-09-26 14:33:57,mail.google.com
2021-09-26 14:33:50,mail.google.com
2021-09-26 14:33:43,mail.google.com
2021-09-26 14:11:43,mail.google.com
2021-09-26 14:11:42,mail.google.com
2021-09-26 14:11:42,support.google.com
2021-09-26 14:11:42,mail.google.com
2021-09-26 14:11:42,mail.google.com
2021-09-26 14:11:42,accounts.youtube.com
2021-09-26 14:11:42,accounts.google.co.in
2021-09-26 14:11:42,mail.google.com
2021-09-26 14:11:42,mail.google.com
2021-09-26 14:11:39,www.google.com
2021-09-26 14:11:39,accounts.google.com
2021-09-26 14:11:38,webauth.umbc.edu
2021-09-26 14:11:38,www.google.com
2021-09-26 14:11:36,webauth.umbc.edu
2021-09-26 14:11:36,webauth.umbc.edu
2021-09-26 14:11:36,accounts.google.com
2021-09-26 14:11:36,webauth.umbc.edu
2021-09-26 14:11:05,support.google.com
2021-09-26 11:24:57,collabplumify.com
2021-09-26 11:24:36,s1.mylivecricket.live
2021-09-26 11:08:20,s2.mylivecricket.live
2021-09-26 10:43:25,cric7.net
2021-09-26 10:43:25,cric7.net
2021-09-26 10:43:25,ipltv.cric7.net
2021-09-25 21:10:57,www.google.com
2021-09-25 21:10:53,www.google.com
2021-09-25 21:10:49,www.google.com
2021-09-25 18:40:38,towardsdatascience.com
2021-09-25 18:40:33,www.google.com
2021-09-25 18:40:24,www.google.com
2021-09-25 18:39:52,stackoverflow.com
2021-09-25 18:39:43,www.google.com
2021-09-25 18:17:25,www.google.com
2021-09-25 18:03:55,colab.research.google.com
2021-09-25 18:03:39,colab.research.google.com
2021-09-25 17:57:47,colab.research.google.com
2021-09-25 17:57:47,colab.research.google.com
2021-09-25 17:57:27,drive.google.com
2021-09-25 17:49:26,www.youtube.com
2021-09-25 17:49:25,www.youtube.com
2021-09-25 17:33:14,www.youtube.com
2021-09-25 17:33:14,www.youtube.com
2021-09-25 17:28:12,colab.research.google.com
2021-09-25 17:26:47,colab.research.google.com
2021-09-25 17:14:21,colab.research.google.com
2021-09-25 17:12:41,colab.research.google.com
2021-09-25 17:12:40,colab.research.google.com
2021-09-25 17:02:58,drive.google.com
2021-09-25 17:02:44,colab.research.google.com
2021-09-25 17:02:44,colab.research.google.com
2021-09-25 17:01:59,colab.research.google.com
2021-09-25 17:01:59,colab.research.google.com
2021-09-25 17:01:38,colab.research.google.com
2021-09-25 17:01:38,colab.research.google.com
2021-09-25 17:01:25,drive.google.com
2021-09-25 17:00:42,drive.google.com
2021-09-24 15:28:11,colab.research.google.com
2021-09-24 15:27:58,colab.research.google.com
2021-09-24 15:20:46,drive.google.com
2021-09-24 14:28:48,drive.google.com
2021-09-24 14:27:41,drive.google.com
2021-09-24 14:27:31,docs.google.com
2021-09-24 14:27:29,docs.google.com
2021-09-24 14:27:28,docs.google.com
2021-09-24 14:27:27,docs.google.com
2021-09-24 14:27:00,drive.google.com
2021-09-24 14:26:43,docs.google.com
2021-09-24 14:26:39,docs.google.com
2021-09-24 14:26:36,drive.google.com
2021-09-24 01:16:45,my.umbc.edu
2021-09-24 01:16:38,www.umbc.edu
2021-09-24 01:14:38,umbc.edu
2021-09-24 01:14:38,www.umbc.edu
2021-09-23 17:15:02,drive.google.com
2021-09-23 17:11:03,drive.google.com
2021-09-23 16:54:40,www.youtube.com
2021-09-23 16:54:40,www.youtube.com
2021-09-23 16:54:36,www.youtube.com
2021-09-23 16:52:05,www.youtube.com
2021-09-23 16:52:04,www.youtube.com
2021-09-22 18:33:32,drive.google.com
2021-09-22 18:33:21,docs.google.com
2021-09-22 18:33:18,docs.google.com
2021-09-22 18:33:16,docs.google.com
2021-09-22 18:33:15,docs.google.com
2021-09-22 18:33:13,docs.google.com
2021-09-22 18:33:12,docs.google.com
2021-09-22 18:33:11,docs.google.com
2021-09-22 18:33:10,docs.google.com
2021-09-22 18:33:09,docs.google.com
2021-09-22 18:33:05,docs.google.com
2021-09-22 18:33:03,docs.google.com
2021-09-22 18:33:01,docs.google.com
2021-09-22 18:33:00,docs.google.com
2021-09-22 18:32:58,docs.google.com
2021-09-22 18:32:58,docs.google.com
2021-09-22 18:32:55,docs.google.com
2021-09-22 18:32:52,docs.google.com
2021-09-22 18:32:47,docs.google.com
2021-09-22 18:32:43,docs.google.com
2021-09-22 18:32:41,docs.google.com
2021-09-22 18:32:40,docs.google.com
2021-09-22 18:32:36,docs.google.com
2021-09-22 18:32:34,docs.google.com
2021-09-22 18:32:33,docs.google.com
2021-09-22 18:32:32,docs.google.com
2021-09-22 18:30:47,drive.google.com
2021-09-22 18:30:03,workspaceupdates.googleblog.com
2021-09-22 18:30:02,workspaceupdates.googleblog.com
2021-09-22 18:30:02,workspaceupdates.googleblog.com
2021-09-22 18:29:46,www.google.com
2021-09-22 18:29:08,colab.research.google.com
2021-09-22 18:29:08,colab.research.google.com
2021-09-22 18:28:56,drive.google.com
2021-09-22 18:28:49,drive.google.com
2021-09-22 18:28:03,colab.research.google.com
2021-09-22 18:28:03,colab.research.google.com
2021-09-22 18:27:58,drive.google.com
2021-09-22 18:27:47,drive.google.com
2021-09-22 18:27:36,docs.google.com
2021-09-22 18:27:35,drive.google.com
2021-09-22 18:27:28,drive.google.com
2021-09-22 18:27:15,drive.google.com
2021-09-22 18:26:51,drive.google.com
2021-09-22 18:26:37,drive.google.com
2021-09-22 16:31:33,www.tutorialspoint.com
2021-09-22 16:31:30,www.google.com
2021-09-22 16:26:56,localhost:8888
2021-09-22 16:26:40,localhost:8888
2021-09-22 16:25:34,www.geeksforgeeks.org
2021-09-22 16:25:16,www.geeksforgeeks.org
2021-09-22 16:25:14,www.google.com
2021-09-22 16:21:02,matplotlib.org
2021-09-22 16:20:54,www.python-graph-gallery.com
2021-09-22 16:20:54,www.python-graph-gallery.com
2021-09-22 16:20:52,www.google.com
2021-09-22 16:19:54,en.wikipedia.org
2021-09-22 16:19:49,en.wikipedia.org
2021-09-22 16:19:40,stackoverflow.com
2021-09-22 16:19:39,www.google.com
2021-09-22 16:19:33,stackoverflow.com
2021-09-22 16:19:31,www.google.com
2021-09-22 16:19:23,www.google.com
2021-09-22 16:18:17,www.tutorialkart.com
2021-09-22 16:18:16,www.tutorialkart.com
2021-09-22 16:18:11,www.google.com
2021-09-22 16:14:18,stackoverflow.com
2021-09-22 16:14:17,www.google.com
2021-09-22 16:14:10,www.google.com
2021-09-22 16:12:49,stackoverflow.com
2021-09-22 16:07:25,datavizpyr.com
2021-09-22 16:07:23,www.google.com
2021-09-22 16:07:04,stackoverflow.com
2021-09-22 16:07:02,www.google.com
2021-09-22 16:06:55,www.google.com
2021-09-22 16:06:51,itstillworks.com
2021-09-22 16:05:18,towardsdatascience.com
2021-09-22 16:05:15,www.geeksforgeeks.org
2021-09-22 16:05:13,www.google.com
2021-09-22 16:05:05,www.google.com
2021-09-22 16:00:25,www.tutorialspoint.com
2021-09-22 16:00:22,www.google.com
2021-09-22 15:59:59,matplotlib.org
2021-09-22 15:59:58,www.google.com
2021-09-22 15:59:17,colab.research.google.com
2021-09-22 15:58:39,drive.google.com
2021-09-22 15:39:16,numpy.org
2021-09-22 15:39:13,www.google.com
2021-09-22 15:37:47,localhost:8888
2021-09-22 15:37:29,localhost:8888
2021-09-22 15:37:28,localhost:8888
2021-09-22 15:37:19,localhost:8888
2021-09-22 15:37:07,localhost:8888
2021-09-22 15:37:05,localhost:8888
2021-09-22 15:37:01,localhost:8888
2021-09-22 15:36:51,localhost:8888
2021-09-22 15:36:50,
2021-09-22 14:11:07,stackoverflow.com
2021-09-22 14:11:06,www.google.com
2021-09-22 14:04:40,localhost:8889
2021-09-22 14:04:38,localhost:8889
2021-09-22 14:04:37,localhost:8889
2021-09-22 14:04:34,localhost:8889
2021-09-22 14:04:33,localhost:8889
2021-09-22 14:04:03,towardsdatascience.com
2021-09-22 14:03:59,www.google.com
2021-09-22 13:57:28,matplotlib.org
2021-09-22 13:57:26,stackoverflow.com
2021-09-22 13:57:22,www.geeksforgeeks.org
2021-09-22 13:57:19,www.google.com
2021-09-22 13:57:15,www.google.com
2021-09-22 13:47:06,localhost:8889
2021-09-22 13:47:04,localhost:8889
2021-09-22 13:46:52,localhost:8889
2021-09-22 13:46:51,localhost:8889
2021-09-22 13:46:50,
2021-09-22 13:06:23,anaconda.org
2021-09-22 13:06:17,www.google.com
2021-09-22 12:04:05,stackoverflow.com
2021-09-22 12:04:02,stats.stackexchange.com
2021-09-22 12:03:59,www.google.com
2021-09-22 12:03:23,drive.google.com
2021-09-22 11:44:25,colab.research.google.com
2021-09-22 11:44:25,colab.research.google.com
2021-09-22 07:57:11,www.google.com
2021-09-21 21:29:17,localhost:8888
2021-09-21 21:29:15,
2021-09-20 13:53:21,github.com
2021-09-20 13:53:18,github.com
2021-09-17 21:41:28,www.youtube.com
2021-09-17 21:41:27,www.youtube.com
2021-09-17 21:41:05,www.youtube.com
2021-09-17 21:06:38,www.google.com
2021-09-17 17:30:58,stackabuse.com
2021-09-17 17:30:53,www.codegrepper.com
2021-09-17 17:30:49,www.google.com
2021-09-17 17:14:58,www.google.com
2021-09-17 17:14:55,www.google.com
2021-09-17 17:14:43,www.google.com
2021-09-17 17:13:25,www.datacamp.com
2021-09-17 17:13:24,stackoverflow.com
2021-09-17 17:13:11,www.google.com
2021-09-17 17:12:49,stackoverflow.com
2021-09-17 17:12:47,www.google.com
2021-09-17 17:12:04,socratic.org
2021-09-17 17:11:54,www.forbes.com
2021-09-17 17:11:53,www.forbes.com
2021-09-17 17:11:48,socratic.org
2021-09-17 17:11:37,www.google.com
2021-09-17 17:10:48,stackoverflow.com
2021-09-17 17:10:47,stackoverflow.com
2021-09-17 17:10:45,stackoverflow.com
2021-09-17 17:10:42,stackoverflow.com
2021-09-17 17:10:36,www.google.com
2021-09-17 17:10:30,www.stats4stem.org
2021-09-17 17:10:27,www.google.com
2021-09-17 17:09:58,medium.com
2021-09-17 17:09:58,towardsdatascience.com
2021-09-17 17:09:53,www.google.com
2021-09-17 17:08:22,stackoverflow.com
2021-09-17 17:08:18,www.google.com
2021-09-17 17:07:41,stackoverflow.com
2021-09-17 17:07:39,www.google.com
2021-09-17 17:07:32,math.stackexchange.com
2021-09-17 17:07:18,www.google.com
2021-09-17 17:04:37,stackoverflow.com
2021-09-17 17:04:35,www.google.com
2021-09-17 17:04:19,www.google.com
2021-09-17 17:03:14,stackoverflow.com
2021-09-17 17:03:06,www.google.com
2021-09-17 16:57:39,stackoverflow.com
2021-09-17 16:57:38,www.google.com
2021-09-17 16:55:07,www.tutorialspoint.com
2021-09-17 16:53:57,www.tutorialspoint.com
2021-09-17 16:53:22,www.google.com
2021-09-17 16:51:48,www.google.com
2021-09-17 16:51:02,localhost:8888
2021-09-17 16:51:00,localhost:8888
2021-09-17 16:50:43,localhost:8888
2021-09-17 16:50:41,localhost:8888
2021-09-17 16:50:35,localhost:8888
2021-09-17 16:47:36,www.google.com
2021-09-17 16:44:37,livebook.manning.com
2021-09-17 16:44:36,livebook.manning.com
2021-09-17 16:44:35,livebook.manning.com
2021-09-17 16:44:34,livebook.manning.com
2021-09-17 16:44:33,livebook.manning.com
2021-09-17 16:44:32,livebook.manning.com
2021-09-17 16:44:31,livebook.manning.com
2021-09-17 16:44:29,livebook.manning.com
2021-09-17 16:44:29,livebook.manning.com
2021-09-17 16:44:28,livebook.manning.com
2021-09-17 16:44:18,stackoverflow.com
2021-09-17 16:44:16,livebook.manning.com
2021-09-17 16:44:13,www.google.com
2021-09-17 16:44:08,stackoverflow.com
2021-09-17 16:44:04,www.google.com
2021-09-17 16:44:01,www.google.com
2021-09-17 16:43:28,matplotlib.org
2021-09-17 16:43:24,seaborn.pydata.org
2021-09-17 16:43:21,stackoverflow.com
2021-09-17 16:43:18,www.google.com
2021-09-17 16:43:13,www.google.com
2021-09-17 16:43:06,www.stats4stem.org
2021-09-17 16:43:04,www.stats4stem.org
2021-09-17 16:42:40,www150.statcan.gc.ca
2021-09-17 16:42:38,partnersindataliteracy.com
2021-09-17 16:42:35,www.google.com
2021-09-17 15:52:51,www.google.com
2021-09-17 15:52:15,matplotlib.org
2021-09-17 15:52:09,matplotlib.org
2021-09-17 15:52:01,matplotlib.org
2021-09-17 15:51:59,matplotlib.org
2021-09-17 15:51:46,matplotlib.org
2021-09-17 15:51:37,www.google.com
2021-09-17 15:51:37,matplotlib.org
2021-09-17 15:49:09,www.google.com
2021-09-17 15:49:01,www.google.com
2021-09-17 15:48:45,engineering.purdue.edu
2021-09-17 15:48:41,www.google.com
2021-09-17 15:47:37,stackoverflow.com
2021-09-17 15:47:30,www.coursehero.com
2021-09-17 15:47:22,www.google.com
2021-09-17 15:45:21,stackoverflow.com
2021-09-17 15:45:17,www.google.com
2021-09-17 15:44:19,localhost:8888
2021-09-17 15:44:18,localhost:8888
2021-09-17 15:44:07,
2021-09-17 11:35:41,homepage.divms.uiowa.edu
2021-09-17 11:35:39,www.sciencedirect.com
2021-09-17 11:35:33,en.wikipedia.org
2021-09-17 11:35:30,www.google.com
2021-09-17 11:24:38,meseec.ce.rit.edu
2021-09-17 11:24:36,www.google.com
2021-09-17 11:24:28,www.google.com
2021-09-17 10:45:41,www.google.com
2021-09-17 10:45:23,www.google.com
2021-09-17 10:43:21,www.coursehero.com
2021-09-17 10:43:16,www.coursehero.com
2021-09-17 10:43:03,www.google.com
2021-09-17 10:42:37,www.google.com
2021-09-17 10:42:30,www.google.com
2021-09-17 10:42:21,www.google.com
2021-09-16 18:42:26,www.google.com
2021-09-16 09:51:30,ezgif.com
2021-09-16 09:50:56,ezgif.com
2021-09-16 09:48:40,ezgif.com
2021-09-16 09:48:09,www.veed.io
2021-09-16 09:48:09,www.veed.io
2021-09-16 09:47:28,www.veed.io
2021-09-16 09:47:27,www.veed.io
2021-09-16 09:47:24,www.veed.io
2021-09-16 09:47:20,www.google.com
2021-09-16 09:47:15,www.google.com
2021-09-16 09:46:22,ezgif.com
2021-09-16 09:45:56,ezgif.com
2021-09-16 09:41:28,zoom.us
2021-09-16 09:41:24,zoom.us
2021-09-16 09:40:03,zoom.us
2021-09-16 09:40:02,www.google.com
2021-09-16 09:39:50,zoom.us
2021-09-16 09:35:05,www.google.com
2021-09-16 09:29:47,drive.google.com
2021-09-16 09:29:47,docs.google.com
2021-09-16 09:29:41,drive.google.com
2021-09-15 22:54:24,docs.google.com
2021-09-15 22:51:48,docs.google.com
2021-09-15 22:51:12,awsmtips.com
2021-09-15 22:50:01,www.google.com
2021-09-15 22:49:38,support.google.com
2021-09-15 22:49:37,support.google.com
2021-09-15 19:03:24,docs.google.com
2021-09-15 19:03:23,docs.google.com
2021-09-15 19:03:23,docs.google.com
2021-09-15 18:28:15,docs.google.com
2021-09-15 18:28:13,docs.google.com
2021-09-15 18:28:12,docs.google.com
2021-09-15 18:28:12,docs.google.com
2021-09-15 18:27:25,docs.google.com
2021-09-15 18:27:08,docs.google.com
2021-09-15 18:27:06,docs.google.com
2021-09-15 18:27:03,docs.google.com
2021-09-15 18:27:01,docs.google.com
2021-09-15 18:26:57,docs.google.com
2021-09-15 18:26:56,docs.google.com
2021-09-15 18:26:56,docs.google.com
2021-09-15 18:26:45,docs.google.com
2021-09-15 18:26:44,docs.google.com
2021-09-15 18:26:43,docs.google.com
2021-09-15 18:26:41,docs.google.com
2021-09-15 18:26:40,docs.google.com
2021-09-15 18:26:00,drive.google.com
2021-09-15 18:25:58,drive.google.com
2021-09-15 18:25:54,drive.google.com
2021-09-15 18:25:48,docs.google.com
2021-09-15 18:24:34,drive.google.com
2021-09-15 18:24:33,drive.google.com
2021-09-15 18:24:33,drive.google.com
2021-09-15 18:24:33,drive.google.com
2021-09-15 18:23:16,www.google.com
2021-09-15 18:22:24,docs.google.com
2021-09-15 18:22:22,docs.google.com
2021-09-15 18:22:22,docs.google.com
2021-09-15 18:21:46,mail.google.com
2021-09-15 18:20:54,www.ebixcash.com
2021-09-15 18:20:52,www.google.com
2021-09-15 14:56:24,drive.google.com
2021-09-15 14:10:34,forum.bitcraze.io
2021-09-15 12:57:13,drive.google.com
2021-09-15 12:15:07,docs.google.com
2021-09-15 12:13:49,docs.google.com
2021-09-15 12:13:46,docs.google.com
2021-09-15 12:12:57,docs.google.com
2021-09-15 12:12:54,docs.google.com
2021-09-15 12:12:42,docs.google.com
2021-09-15 12:11:46,docs.google.com
2021-09-15 12:11:45,docs.google.com
2021-09-15 12:11:45,docs.google.com
2021-09-13 17:52:06,stackoverflow.com
2021-09-13 17:52:01,stackoverflow.com
2021-09-13 17:51:58,www.google.com
2021-09-12 22:19:28,github.com
2021-09-12 22:19:25,github.com
2021-09-12 22:19:24,github.com
2021-09-12 22:18:09,github.com
2021-09-12 21:05:11,www.google.com
2021-09-12 20:57:15,github.com
2021-09-12 20:57:13,www.google.com
2021-09-12 20:57:11,mail.google.com
2021-09-12 20:57:09,mail.google.com
2021-09-12 20:54:41,github.com
2021-09-12 20:54:37,github.com
2021-09-12 20:54:31,github.com
2021-09-12 20:54:21,github.com
2021-09-12 20:54:19,github.com
2021-09-12 20:54:19,github.com
2021-09-12 20:54:12,mail.google.com
2021-09-12 20:48:04,drive.google.com
2021-09-12 20:47:14,drive.google.com
2021-09-12 20:46:53,drive.google.com
2021-09-12 20:42:18,drive.google.com
2021-09-12 20:42:17,drive.google.com
2021-09-12 20:42:09,drive.google.com
2021-09-12 20:41:57,drive.google.com
2021-09-12 20:41:42,drive.google.com
2021-09-08 18:51:39,docs.google.com
2021-09-08 15:00:09,matplotlib.org
2021-09-08 14:59:29,github.com
2021-09-08 14:59:29,github.com
2021-09-08 14:59:16,github.com
2021-09-08 14:59:10,blackboard.umbc.edu
2021-09-08 14:59:08,blackboard.umbc.edu
2021-09-08 14:58:59,blackboard.umbc.edu
2021-09-08 14:58:59,blackboard.umbc.edu
2021-09-08 14:58:59,blackboard.umbc.edu
2021-09-08 14:58:59,blackboard.umbc.edu
2021-09-08 14:58:26,blackboard.umbc.edu
2021-09-08 14:25:16,blackboard.umbc.edu
2021-09-08 14:25:16,alt-5954eb74c7df4.blackboard.com
2021-09-08 14:25:16,alt-5954eb74c7df4.blackboard.com
2021-09-08 14:25:16,learn-us-east-1-prod-fleet01-xythos.content.blackboardcdn.com
2021-09-08 14:25:13,blackboard.umbc.edu
2021-09-08 14:25:13,blackboard.umbc.edu
2021-09-08 14:25:13,blackboard.umbc.edu
2021-09-08 14:24:41,blackboard.umbc.edu
2021-09-08 14:24:41,alt-5954eb74c7df4.blackboard.com
2021-09-08 14:24:41,alt-5954eb74c7df4.blackboard.com
2021-09-08 14:24:41,learn-us-east-1-prod-fleet01-xythos.content.blackboardcdn.com
2021-09-08 14:24:37,blackboard.umbc.edu
2021-09-08 14:24:37,blackboard.umbc.edu
2021-09-08 14:24:37,blackboard.umbc.edu
2021-09-08 14:24:30,blackboard.umbc.edu
2021-09-08 14:24:30,blackboard.umbc.edu
2021-09-08 14:24:30,blackboard.umbc.edu
2021-09-08 14:24:16,umbc.eesysoft.com
2021-09-08 14:24:16,chatbot.foundations.blackboard.com
2021-09-08 14:24:15,blackboard.umbc.edu
2021-09-08 14:24:15,blackboard.umbc.edu
2021-09-08 14:24:15,blackboard.umbc.edu
2021-09-08 14:24:15,blackboard.umbc.edu
2021-09-08 13:42:03,www.google.com
2021-09-08 13:41:52,www.google.com
2021-09-08 11:44:00,docs.google.com
2021-09-08 11:43:59,docs.google.com
2021-09-08 11:43:54,docs.google.com
2021-09-08 11:43:30,docs.google.com
2021-09-08 11:43:28,docs.google.com
2021-09-08 11:43:22,docs.google.com
2021-09-08 11:43:22,docs.google.com
2021-09-08 11:43:19,docs.google.com
2021-09-08 11:43:19,docs.google.com
2021-09-08 11:33:20,www.google.com
2021-09-08 11:32:29,www.9onadime.com
2021-09-08 11:32:24,www.9onadime.com
2021-09-08 11:32:20,www.9onadime.com
2021-09-08 11:31:51,in.pinterest.com
2021-09-08 11:31:44,in.pinterest.com
2021-09-08 11:30:47,github.com
2021-09-08 11:26:28,in.pinterest.com
2021-09-08 11:26:22,in.pinterest.com
2021-09-08 11:25:52,in.pinterest.com
2021-09-08 11:25:42,in.pinterest.com
2021-09-08 11:25:32,www.coupons.com
2021-09-08 11:25:17,www.coupons.com
2021-09-08 11:25:08,www.pinterest.com
2021-09-08 11:25:08,in.pinterest.com
2021-09-08 11:24:55,www.google.com
2021-09-08 11:17:36,www.modernhoney.com
2021-09-08 11:17:32,www.google.com
2021-09-08 09:10:58,docs.google.com
2021-09-08 09:10:47,docs.google.com
2021-09-08 09:10:44,docs.google.com
2021-09-08 09:10:39,docs.google.com
2021-09-08 09:10:22,docs.google.com
2021-09-08 08:52:48,www.google.com
2021-09-08 08:51:44,github.com
2021-09-08 08:51:44,raw.githubusercontent.com
2021-09-08 08:51:33,github.com
2021-09-08 08:51:16,github.com
2021-09-08 08:50:42,www.google.com
2021-09-08 08:33:39,docs.google.com
2021-09-08 08:14:01,netron.app
2021-09-08 08:13:59,www.google.com
2021-09-08 08:13:47,github.com
2021-09-08 08:13:41,www.google.com
2021-09-08 08:13:28,mail.google.com
2021-09-08 08:13:18,mail.google.com
2021-09-08 08:13:17,mail.google.com
2021-09-08 08:13:15,mail.google.com
2021-09-07 16:41:30,www.google.com
2021-09-07 16:36:21,www.google.com
2021-09-07 16:35:49,www.google.com
2021-09-07 16:31:14,github.com
2021-09-07 16:31:13,www.reddit.com
2021-09-07 16:31:02,www.google.com
2021-09-07 16:30:50,app.diagrams.net
2021-09-07 16:30:31,draw.io
2021-09-07 16:26:32,
2021-09-07 16:25:10,docs.google.com
2021-09-07 16:25:10,docs.google.com
2021-09-07 16:25:07,docs.google.com
2021-09-07 16:25:06,docs.google.com
2021-09-07 16:25:04,docs.google.com
2021-09-07 16:24:58,docs.google.com
2021-09-07 16:24:56,docs.google.com
2021-09-07 16:24:54,docs.google.com
2021-09-06 21:54:41,fast.com
2021-09-06 20:47:40,discord.com
2021-09-06 20:47:38,discord.com
2021-09-06 20:47:10,www.google.com
2021-09-06 20:47:10,click.discord.com
2021-09-06 20:47:10,discord.com
2021-09-06 20:47:00,mail.google.com
2021-09-06 20:46:44,discord.com
2021-09-06 20:45:51,discord.com
2021-09-06 20:44:14,discord.com
2021-09-06 20:44:11,www.google.com
2021-09-06 20:44:11,discord.com
2021-09-06 20:21:55,mail.google.com
2021-09-06 20:12:50,www.google.com
2021-09-06 19:56:53,www.google.com
2021-09-06 19:56:49,www.google.com
2021-09-06 19:56:45,www.google.com
2021-09-06 19:56:32,docs.google.com
2021-09-06 19:56:31,docs.google.com
2021-09-06 19:56:30,docs.google.com
2021-09-06 19:56:28,docs.google.com
2021-09-06 19:56:28,docs.google.com
2021-09-06 19:56:07,docs.google.com
2021-09-06 19:55:56,docs.google.com
2021-09-06 19:37:50,docs.google.com
2021-09-06 19:37:50,docs.google.com
2021-09-06 19:05:11,accounts.google.com
2021-09-06 19:05:10,accounts.google.com
2021-09-06 19:04:59,webauth.umbc.edu
2021-09-06 19:04:45,webauth.umbc.edu
2021-09-06 19:04:45,my.umbc.edu
2021-09-06 19:04:45,webauth.umbc.edu
2021-09-06 19:04:43,my.umbc.edu
2021-09-06 19:04:43,my.umbc.edu
2021-09-06 18:44:45,docs.google.com
2021-09-06 18:44:42,docs.google.com
2021-09-06 18:44:41,docs.google.com
2021-09-06 18:44:39,docs.google.com
2021-09-06 18:44:38,docs.google.com
2021-09-06 18:37:38,docs.google.com
2021-09-06 18:37:04,docs.google.com
2021-09-06 18:37:03,docs.google.com
2021-09-06 18:37:03,docs.google.com
2021-09-06 18:36:47,docs.google.com
2021-09-06 18:36:44,docs.google.com
2021-09-06 18:36:39,docs.google.com
2021-09-06 18:36:38,docs.google.com
2021-09-06 18:36:35,docs.google.com
2021-09-06 18:36:34,docs.google.com
2021-09-06 18:36:34,docs.google.com
2021-09-06 18:28:09,docs.google.com
2021-09-06 18:28:08,docs.google.com
2021-09-06 18:28:08,docs.google.com
2021-09-06 18:21:48,www.google.com
2021-09-06 18:18:55,www.shmoop.com
2021-09-06 18:18:50,www.google.com
2021-09-06 18:18:22,www.google.com
2021-09-06 18:18:22,www.cimt.org.uk
2021-09-06 18:18:19,www.google.com
2021-09-06 18:18:10,www.google.com
2021-09-06 18:17:43,repository.upenn.edu
2021-09-06 18:17:37,www.google.com
2021-09-06 18:17:33,www.google.com
2021-09-06 18:17:19,www.google.com
2021-09-06 18:17:16,www.google.com
2021-09-06 18:15:56,matplotlib.sourceforge.net
2021-09-06 18:15:56,matplotlib.org
2021-09-06 18:15:56,matplotlib.org
2021-09-06 18:15:56,matplotlib.org
2021-09-06 18:15:50,stackoverflow.com
2021-09-06 18:15:48,www.geeksforgeeks.org
2021-09-06 18:15:44,www.google.com
2021-09-06 18:15:08,www.activestate.com
2021-09-06 18:15:05,www.oreilly.com
2021-09-06 18:14:55,www.google.com
2021-09-06 18:14:05,stackoverflow.com
2021-09-06 18:14:03,www.google.com
2021-09-06 18:13:55,www.canva.com
2021-09-06 18:13:35,www.canva.com
2021-09-06 18:13:35,www.canva.com
2021-09-06 18:13:32,www.google.com
2021-09-06 18:06:42,www.google.com
2021-09-06 18:01:28,www.google.com
2021-09-06 17:07:51,streamtape.com
2021-09-06 17:07:51,strtapeadblock.club
2021-09-05 22:40:05,docs.google.com
2021-09-05 22:40:05,docs.google.com
2021-09-05 22:40:05,docs.google.com
2021-09-05 22:39:59,www.google.com
2021-09-05 22:39:58,www.google.com
2021-09-04 11:42:35,www.nike.com
2021-09-04 11:36:03,www.reebok.com
2021-09-04 11:36:03,www.reebok.com
2021-09-04 11:36:03,www.reebok.com
2021-09-03 15:39:28,linuxize.com
2021-09-03 15:39:25,www.google.com
2021-09-03 15:11:38,stackoverflow.com
2021-09-03 15:11:33,www.google.com
2021-09-03 14:22:50,isss.umbc.edu
2021-09-03 14:22:31,www.ssa.gov
2021-09-03 14:13:24,mail.google.com
2021-09-03 14:12:34,i94.cbp.dhs.gov
2021-09-03 14:12:12,i94.cbp.dhs.gov
2021-09-03 14:12:05,i94.cbp.dhs.gov
2021-09-03 14:12:05,i94.cbp.dhs.gov
2021-09-03 14:11:58,www.google.com
2021-09-03 14:11:42,isss.umbc.edu
2021-09-03 14:11:41,www.google.com
2021-09-03 14:11:36,www.google.com
2021-09-03 11:05:47,umbc-my.sharepoint.com
2021-09-03 11:05:47,umbc-my.sharepoint.com
2021-09-03 11:05:42,umbc-my.sharepoint.com
2021-09-03 11:05:41,umbc-my.sharepoint.com
2021-09-03 11:05:39,www.office.com
2021-09-03 11:05:38,www.office.com
2021-09-03 11:05:32,umbc-my.sharepoint.com
2021-09-03 10:49:41,umbc-my.sharepoint.com
2021-09-03 10:49:41,umbc-my.sharepoint.com
2021-09-03 10:44:26,webshell.suite.office.com
2021-09-03 10:44:26,webshell.suite.office.com
2021-09-03 10:44:26,webshell.suite.office.com
2021-09-03 10:44:25,webshell.suite.office.com
2021-09-03 10:44:24,my.umbc.edu
2021-09-03 10:44:24,my3.my.umbc.edu
2021-09-03 10:44:24,portal.office.com
2021-09-03 10:44:24,www.office.com
2021-09-03 10:44:24,www.office.com
2021-09-03 10:44:08,wiki.umbc.edu
2021-09-03 10:44:01,wiki.umbc.edu
2021-09-03 10:44:01,wiki.umbc.edu
2021-09-03 10:44:01,wiki.umbc.edu
2021-09-03 10:43:37,umbc-my.sharepoint.com
2021-09-03 10:43:36,umbc-my.sharepoint.com
2021-09-03 10:43:34,www.office.com
2021-09-03 10:43:31,webshell.suite.office.com
2021-09-03 10:43:31,webshell.suite.office.com
2021-09-03 10:43:25,www.office.com
2021-09-03 10:43:24,login.microsoftonline.com
2021-09-03 10:43:23,login.microsoftonline.com
2021-09-03 10:43:16,webauth.umbc.edu
2021-09-03 10:43:16,login.microsoftonline.com
2021-09-03 10:43:13,login.microsoftonline.com
2021-09-03 10:43:05,portal.office.com
2021-09-03 10:43:03,my3.my.umbc.edu
2021-09-03 10:43:03,webauth.umbc.edu
2021-09-03 10:43:01,my3.my.umbc.edu
2021-09-03 10:42:14,www.google.com
2021-09-03 10:41:17,www.google.com
2021-09-03 08:19:25,www.google.com
2021-09-03 08:05:36,www.r-statistics.com
2021-09-03 08:05:28,www.google.com
2021-09-03 08:05:14,www.google.com
2021-09-03 08:04:50,www.studocu.com
2021-09-03 08:04:17,www.masterclass.com
2021-09-03 08:04:17,www.masterclass.com
2021-09-03 08:04:13,www.masterclass.com
2021-09-03 08:04:01,www.masterclass.com
2021-09-03 08:03:49,www.masterclass.com
2021-09-03 08:03:40,www.google.com
2021-09-03 07:59:35,simplystatistics.org
2021-09-03 07:59:25,www.google.com
2021-09-03 07:58:51,seankross.com
2021-09-03 07:58:44,www.tandfonline.com
2021-09-03 07:58:44,www.tandfonline.com
2021-09-03 07:53:54,medium.com
2021-09-01 21:51:13,www.parallels.com
2021-09-01 21:51:13,www.parallels.com
2021-09-01 21:35:40,google.com
2021-09-01 21:35:39,127.0.0.1:51667
2021-09-01 21:35:34,accounts.google.com
2021-09-01 21:35:34,accounts.google.com
2021-09-01 21:30:59,www.google.com
2021-09-01 21:30:57,forum.parallels.com
2021-09-01 21:30:14,www.parallels.com
2021-09-01 21:30:01,www.parallels.com
2021-09-01 21:29:54,www.parallels.com
2021-09-01 21:29:50,www.google.com
2021-09-01 21:29:38,download.parallels.com
2021-08-31 23:25:50,www.virtualbox.org
2021-08-31 23:25:46,www.virtualbox.org
2021-08-31 23:25:21,www.bitcraze.io
2021-08-31 23:25:16,www.bitcraze.io
2021-08-31 23:25:05,store.bitcraze.io
2021-08-31 23:25:00,www.google.com
2021-08-31 23:21:59,github.com
2021-08-31 23:21:49,www.google.com
2021-08-31 23:21:26,www.parallels.com
2021-08-31 23:21:26,www.parallels.com
2021-08-31 23:21:26,www.parallels.com
2021-08-31 23:21:18,www.parallels.com
2021-08-31 23:21:14,www.google.com
2021-08-31 23:20:48,www.googleadservices.com
2021-08-31 23:20:48,www.parallels.com
2021-08-31 23:20:45,macappstore.org
2021-08-31 23:19:58,mail.google.com
2021-08-31 23:19:48,mail.google.com
2021-08-31 11:52:09,github.com
2021-08-31 11:50:57,www.bitcraze.io
2021-08-31 11:50:52,www.google.com
2021-08-31 11:47:49,www.bitcraze.io
2021-08-31 11:47:47,www.google.com
2021-08-31 11:45:52,github.com
2021-08-31 11:45:41,www.google.com
2021-08-31 11:45:35,www.google.com
2021-08-31 11:45:31,www.google.com
2021-08-31 11:45:24,www.google.com
2021-08-31 11:43:46,www.bitcraze.io
2021-08-31 11:43:46,www.bitcraze.io
2021-08-31 11:43:04,www.bitcraze.io
2021-08-31 11:43:00,www.google.com
2021-08-31 11:42:39,www.google.com
2021-08-31 11:41:10,github.com
2021-08-31 11:40:19,github.com
2021-08-31 11:39:47,github.com
2021-08-31 11:39:42,github.com
2021-08-31 11:38:37,forum.bitcraze.io
2021-08-31 11:38:31,github.com
2021-08-31 11:38:27,www.google.com
2021-08-31 11:37:41,github.com
2021-08-31 11:36:37,www.google.com
2021-08-31 11:36:30,www.google.com
2021-08-31 11:36:00,mail.google.com
2021-08-31 11:35:18,mail.google.com
2021-08-30 14:43:30,www.marinasquarecenter.com
2021-08-30 14:43:23,www.google.com
2021-08-30 14:42:37,peakmgt.mriprospectconnect.com
2021-08-30 14:42:22,www.rollingparkapts.com
2021-08-30 14:42:16,www.google.com
2021-08-30 14:36:26,www.apartments.com
2021-08-30 14:36:25,www.google.com
2021-08-30 14:32:04,github.com
2021-08-30 14:32:03,github.com
2021-08-30 14:31:55,www.google.com
2021-08-30 14:31:44,github.com
2021-08-30 14:31:40,github.com
2021-08-30 14:31:39,github.com
2021-08-30 14:31:36,github.com
2021-08-30 14:31:31,github.com
2021-08-30 14:31:13,www.google.com
2021-08-30 14:31:06,www.google.com
2021-08-30 14:30:54,github.com
2021-08-30 14:30:32,www.bitcraze.io
2021-08-30 14:30:24,www.google.com
2021-08-30 14:29:17,www.bitcraze.io
2021-08-30 14:29:02,www.bitcraze.io
2021-08-30 14:28:56,www.google.com
2021-08-30 14:28:48,github.com
2021-08-30 14:28:42,www.google.com
2021-08-30 14:23:44,www.youtube.com
2021-08-30 14:23:44,www.youtube.com
2021-08-30 14:23:35,www.google.com
2021-08-30 14:23:35,www.google.com
2021-08-30 14:23:35,www.google.com
2021-08-30 14:23:29,www.google.com
2021-08-30 14:22:49,www.google.com
2021-08-30 14:22:44,www.bitcraze.io
2021-08-30 14:22:42,www.google.com
2021-08-30 14:21:30,keras.io
2021-08-30 14:21:17,github.com
2021-08-30 14:21:01,keras.io
2021-08-30 14:21:01,keras.io
2021-08-30 14:20:48,www.google.com
2021-08-30 14:19:33,github.com
2021-08-30 14:19:30,wiki.bitcraze.io
2021-08-30 14:19:20,forum.bitcraze.io
2021-08-30 14:19:19,www.google.com
2021-08-30 14:19:06,www.bitcraze.io
2021-08-30 14:18:26,www.bitcraze.io
2021-08-30 14:18:23,www.google.com
2021-08-30 14:16:11,github.com
2021-08-30 14:16:07,github.com
2021-08-30 14:16:06,github.com
2021-08-30 14:16:03,github.com
2021-08-30 14:14:33,www.google.com
2021-08-30 14:14:24,www.google.com
2021-08-30 14:14:11,mail.google.com
2021-08-30 13:20:11,drive.google.com
2021-08-30 13:19:30,drive.google.com
2021-08-30 12:59:19,oam.wellsfargo.com
2021-08-30 12:59:19,oam.wellsfargo.com
2021-08-30 11:20:09,connect.secure.wellsfargo.com
2021-08-30 11:20:09,static.wellsfargo.com
2021-08-30 11:02:01,connect.secure.wellsfargo.com
2021-08-30 10:56:37,www.google.com
2021-08-30 10:45:14,connect.secure.wellsfargo.com
2021-08-30 10:45:14,connect.secure.wellsfargo.com
2021-08-30 10:44:49,connect.secure.wellsfargo.com
2021-08-30 10:44:48,connect.secure.wellsfargo.com
2021-08-30 10:44:30,connect.secure.wellsfargo.com
2021-08-30 10:44:29,connect.secure.wellsfargo.com
2021-08-30 10:44:29,connect.secure.wellsfargo.com
2021-08-30 10:44:29,connect.secure.wellsfargo.com
2021-08-30 10:44:29,connect.secure.wellsfargo.com
2021-08-30 10:44:29,connect.secure.wellsfargo.com
2021-08-30 10:44:14,www.google.com
2021-08-30 10:44:14,connect.secure.wellsfargo.com
2021-08-30 10:44:11,mail.google.com
2021-08-30 10:44:01,mail.google.com
2021-08-30 10:43:13,www.wellsfargo.com
2021-08-30 10:43:11,www.wellsfargo.com
2021-08-30 10:43:09,oam.wellsfargo.com
2021-08-30 10:43:07,oam.wellsfargo.com
2021-08-30 10:42:48,oam.wellsfargo.com
2021-08-30 10:41:50,oam.wellsfargo.com
2021-08-30 10:41:32,www.google.com
2021-08-30 10:05:39,mail.google.com
2021-08-30 10:05:39,accounts.youtube.com
2021-08-30 10:05:39,accounts.google.co.in
2021-08-30 10:05:39,mail.google.com
2021-08-30 10:05:37,www.google.com
2021-08-30 10:05:37,accounts.google.com
2021-08-30 10:04:19,accounts.google.com
2021-08-30 10:04:19,webauth.umbc.edu
2021-08-29 14:34:32,www.google.com
2021-08-29 14:29:29,mail.google.com
2021-08-29 14:29:29,accounts.youtube.com
2021-08-29 14:29:29,accounts.google.co.in
2021-08-29 14:29:29,mail.google.com
2021-08-29 14:29:29,mail.google.com
2021-08-29 14:29:29,mail.google.com
2021-08-29 14:18:30,accounts.google.com
2021-08-29 14:18:29,www.google.com
2021-08-29 14:18:29,accounts.google.com
2021-08-29 14:18:26,accounts.google.com
2021-08-29 14:18:26,webauth.umbc.edu
2021-08-29 14:18:16,accounts.google.com
2021-08-29 14:18:16,accounts.google.com
2021-08-27 05:10:01,calendar.google.com
2021-08-26 17:07:08,mail.google.com
2021-08-26 17:06:24,umbc.webex.com
2021-08-26 17:06:01,umbc.webex.com
2021-08-26 16:21:31,macsolvers.wordpress.com
2021-08-26 16:21:17,www.google.com
2021-08-26 16:20:52,www.parallels.com
2021-08-26 16:14:43,www.parallels.com
2021-08-26 16:14:43,www.parallels.com
2021-08-26 16:14:04,www.parallels.com
2021-08-26 16:13:32,www.googleadservices.com
2021-08-26 16:13:20,manpages.ubuntu.com
2021-08-26 16:13:14,www.google.com
2021-08-26 15:01:55,umbc.webex.com
2021-08-26 15:01:44,www.enchantedlearning.com
2021-08-26 14:41:04,www.google.com
2021-08-26 14:39:58,mail.google.com
2021-08-26 14:38:02,www.youtube.com
2021-08-26 14:38:02,www.youtube.com
2021-08-26 14:36:53,www.youtube.com
2021-08-26 14:36:53,www.youtube.com
2021-08-26 14:36:33,calendar.google.com
2021-08-26 14:36:11,www.google.com
2021-08-26 14:36:11,calendar.google.com
2021-08-26 14:36:11,calendar.google.com
2021-08-26 14:36:11,calendar.google.com
2021-08-26 14:36:11,calendar.google.com
2021-08-26 14:36:11,calendar.google.com
2021-08-26 14:35:49,mail.google.com
2021-08-26 14:29:47,www.google.com
2021-08-26 14:29:42,calendar.google.com
2021-08-26 14:29:42,calendar.google.com
2021-08-26 14:29:37,calendar.google.com
2021-08-26 14:29:37,accounts.google.com
2021-08-26 14:29:37,calendar.google.com
2021-08-26 14:28:01,mail.google.com
2021-08-24 19:30:02,mail.google.com
2021-08-23 15:45:51,www.xfinity.com
2021-08-23 15:06:49,www.xfinity.com
2021-08-22 16:35:16,www.mouser.com
2021-08-22 16:35:13,www.mouser.com
2021-08-22 16:35:01,www.google.com
2021-08-22 16:34:46,www.xfinity.com
2021-08-22 16:34:46,jss.xfinity.com
2021-08-22 16:34:46,oauth.xfinity.com
2021-08-22 16:34:46,login.xfinity.com
2021-08-21 12:45:28,mail.google.com
2021-08-20 15:01:01,mail.google.com
2021-08-20 14:32:35,www.xfinity.com
2021-08-20 14:32:33,www.xfinity.com
2021-08-20 14:32:33,www.xfinity.com
2021-08-20 14:32:18,www.xfinity.com
2021-08-20 14:31:36,chat.google.com
2021-08-20 14:31:36,chat.google.com
2021-08-20 14:31:36,lh3.google.com
2021-08-20 14:31:36,lh3.googleusercontent.com
2021-08-20 14:31:26,www.xfinityprepaid.com
2021-08-20 14:31:19,www.xfinity.com
2021-08-20 14:31:19,www.xfinity.com
2021-08-20 14:31:02,customer.xfinity.com
2021-08-20 14:30:53,customer.xfinity.com
2021-08-20 14:27:16,lh3.google.com
2021-08-20 14:27:16,lh3.googleusercontent.com
2021-08-20 14:27:01,www.google.com
2021-08-20 14:26:39,oauth.xfinity.com
2021-08-20 14:26:39,login.xfinity.com
2021-08-20 14:26:39,oauth.xfinity.com
2021-08-20 14:26:39,jss.xfinity.com
2021-08-20 14:26:39,jss.xfinity.com
2021-08-20 14:26:39,jss.xfinity.com
2021-08-20 14:26:35,www.xfinity.com
2021-08-20 14:26:35,jss.xfinity.com
2021-08-20 14:26:34,www.xfinity.com
2021-08-20 14:25:12,www.xfinity.com
2021-08-20 14:25:12,oauth.xfinity.com
2021-08-20 14:25:12,www.xfinity.com
2021-08-20 14:25:12,www.xfinity.com
2021-08-20 14:24:55,oauth.xfinity.com
2021-08-20 14:24:55,www.xfinity.com
2021-08-20 14:24:55,www.xfinity.com
2021-08-20 14:24:24,www.xfinity.com
2021-08-20 14:24:24,oauth.xfinity.com
2021-08-20 14:24:24,login.xfinity.com
2021-08-20 14:23:50,www.xfinity.com
2021-08-20 14:23:42,www.xfinity.com
2021-08-20 14:23:18,my.xfinity.com
2021-08-20 14:22:40,my.xfinity.com
2021-08-20 14:22:27,www.xfinity.com
2021-08-20 14:22:17,www.google.com
2021-08-20 14:13:16,www.google.com
2021-08-20 14:13:04,accounts.google.com
2021-08-20 14:13:04,mail.google.com
2021-08-20 14:13:04,mail.google.com
2021-08-20 14:13:04,mail.google.com
2021-08-20 14:13:04,mail.google.com
2021-08-20 14:12:59,www.google.com
2021-08-20 12:39:48,www.google.com
2021-08-20 12:39:48,www.google.com
2021-08-20 12:39:45,www.google.com
2021-08-20 12:39:42,www.google.com
2021-08-20 12:39:20,www.google.com
2021-08-20 12:39:08,www.google.com
2021-08-20 11:45:05,www.skype.com
2021-08-20 11:44:52,www.skype.com
2021-08-20 11:43:05,www.google.com
2021-08-20 11:40:46,www.att.com
2021-08-20 11:40:30,bkkbcggnhapdmkeljlodobbkopceiche
2021-08-20 11:40:30,get.adblock-for-youtube.com
2021-08-20 11:40:27,getadblock.com
2021-08-20 11:40:25,www.grammarly.com
2021-08-20 10:38:00,www.grammarly.com
2021-08-20 10:37:24,getadblock.com
2021-08-20 10:37:14,support.mozilla.org
2021-08-20 10:37:14,support.mozilla.org
2021-08-20 10:37:14,www.mozilla.org
2021-08-20 10:37:14,www.mozilla.org
2021-08-20 10:37:14,www.netflix.com
2021-08-20 10:37:14,www.jntataendowment.org
2021-08-20 10:37:14,www.netflix.com
2021-08-20 10:37:14,github.com
2021-08-20 10:37:14,www.kaggle.com
2021-08-20 10:37:14,www.firstnaukri.com
2021-08-20 10:37:14,www.getdroidtips.com
2021-08-20 10:37:14,www.dailymotion.com
2021-08-20 10:37:14,pdfs.semanticscholar.org
2021-08-20 10:37:14,d1di7rhcpcc8g7.cloudfront.net
2021-08-20 10:37:14,www.uniqtechnologies.co.in
2021-08-20 10:37:14,adnab.me
2021-08-20 10:37:14,www.researchgate.net
2021-08-20 10:37:14,spotleai.sgp1.digitaloceanspaces.com
2021-08-20 10:37:14,core.ac.uk
2021-08-20 10:37:14,www.slideshare.net
2021-08-20 10:37:14,github.com
2021-08-20 10:37:14,github.com
2021-08-20 10:37:14,github.com
2021-08-20 10:37:14,
2021-08-20 10:37:14,www.freecodecamp.org
2021-08-20 10:37:14,www.ubuntu.com
2021-08-20 10:37:14,wiki.ubuntu.com
2021-08-20 10:37:14,answers.launchpad.net
2021-08-20 10:37:14,www.debian.org
2021-08-20 10:37:14,www.pyimagesearch.com
2021-08-20 10:37:14,www.pyimagesearch.com
2021-08-20 10:37:14,www.hackerearth.com
2021-08-20 10:37:14,www.mydomaine.com
2021-08-20 10:37:14,en.wikipedia.org
2021-08-20 10:37:14,www.guru99.com
2021-08-20 10:37:14,towardsdatascience.com
2021-08-20 10:37:14,towardsdatascience.com
2021-08-20 10:37:14,towardsdatascience.com
2021-08-20 10:37:14,tomassetti.me
2021-08-20 10:37:14,collegedunia.com
2021-08-20 10:37:14,grad.berkeley.edu
2021-08-20 10:37:14,studyabroad.shiksha.com
2021-08-20 10:37:14,www.cs.washington.edu
2021-08-20 10:37:14,www.usnews.com
2021-08-20 10:37:14,www.ncbi.nlm.nih.gov
2021-08-20 10:37:14,www.dailydot.com
2021-08-20 10:37:14,www.kaggle.com
2021-08-20 10:37:14,lookmovie.ag
2021-08-20 10:37:14,towardsdatascience.com
2021-08-20 10:37:14,towardsdatascience.com
2021-08-20 10:37:14,medium.com
2021-08-20 10:37:14,github.com
2021-08-20 10:37:14,phoenixnap.com
2021-08-20 10:37:14,linuxscriptshub.com
2021-08-20 10:37:14,app.slack.com
2021-08-20 10:37:14,www.allrecipes.com
2021-08-20 10:37:14,medium.com
2021-08-20 10:37:14,flutter.dev
2021-08-20 10:37:14,hq.focusboosterapp.com
2021-08-20 10:37:14,medium.com
2021-08-20 10:37:14,medium.com
2021-08-20 10:37:14,pusher.com
2021-08-20 10:37:14,www.manhattanprep.com
2021-08-20 10:37:14,www.manualsearcher.com
2021-08-20 10:37:14,www.vtupulse.com
2021-08-20 10:37:14,towardsdatascience.com
2021-08-20 10:37:14,www.airtel.in
2021-08-20 10:37:14,studycentrals.com
2021-08-20 10:37:14,drive.google.com
2021-08-20 10:37:14,drive.google.com
2021-08-20 10:37:14,www.toeflresources.com
2021-08-20 10:37:14,www.happyschools.com
2021-08-20 10:37:14,www.wix.com
2021-08-20 10:37:14,datalab.njit.edu
2021-08-20 10:37:14,wilsonmar.github.io
2021-08-20 10:37:14,www.hackerrank.com
2021-08-20 10:37:14,most.oercommons.org
2021-08-20 10:37:14,kickass.unblocked.tw
2021-08-20 10:37:14,www.instructables.com
2021-08-20 10:37:14,kickass.unblocked.bid
2021-08-20 10:37:14,ecelabs.njit.edu
2021-08-20 10:37:14,zouve.com
2021-08-20 10:37:14,www.myfitfuel.in
2021-08-20 10:37:14,therighthairstyles.com
2021-08-20 10:37:14,www.webmd.com
2021-08-20 10:37:14,googleweblight.com
2021-08-20 10:37:14,m.diginotes.in
2021-08-20 10:37:14,vtu.allsyllabus.com
2021-08-20 10:37:14,thepiratebay.bet
2021-08-20 10:37:14,unblocked.vc
2021-08-20 10:37:14,m.vk.com
2021-08-20 10:37:14,lovelib.net
2021-08-20 10:37:14,m.vk.com
2021-08-20 10:37:14,vk.com
2021-08-20 10:37:14,www.astrology-zodiac-signs.com
2021-08-20 10:37:14,www.buzzfeed.com
2021-08-20 10:37:14,www.goodreads.com
2021-08-20 10:37:14,www.intowindows.com
2021-08-20 10:37:14,www.cnet.com
2021-08-20 10:37:14,sites.google.com
2021-08-20 10:37:14,yts.unblocked.vet
2021-08-20 10:37:14,www.stylecraze.com
2021-08-20 10:37:14,www.minisoindia.com
2021-08-20 10:37:14,chloeting.com
2021-08-20 10:37:14,blisshealthcoaching.com
2021-08-20 10:37:14,www.keepinspiring.me
2021-08-20 10:37:14,healthyeater.com
2021-08-20 10:37:14,thecuriousjalebi.com
2021-08-20 10:37:14,medium.com
2021-08-20 10:37:14,daisyskinfix.com
2021-08-20 10:37:14,medium.com
2021-08-20 10:37:14,www.google.com
2021-08-20 10:37:14,tinybuddha.com
2021-08-20 10:37:14,www.goodhousekeeping.com
2021-08-20 10:37:14,www.geeksforgeeks.org
2021-08-20 10:37:14,www.michaeldpollock.com
2021-08-20 10:37:14,hurrythefoodup.com
2021-08-20 10:37:14,www.themuse.com
2021-08-20 10:37:14,www.vocabulary.com
2021-08-20 10:37:14,www.chloeting.com
2021-08-20 10:37:14,drive.google.com
2021-08-20 10:37:14,drive.google.com
2021-08-20 10:37:14,cafedelites.com
2021-08-20 10:36:40,accounts.google.com
2021-08-20 10:36:30,accounts.google.com
2021-08-20 10:36:14,accounts.google.com
2021-08-20 10:36:14,accounts.google.com
2021-08-17 20:29:11,www.primevideo.com
2021-08-17 20:29:11,www.primevideo.com
2021-08-17 20:24:24,fmovies.com
2021-08-17 20:24:24,www.familysex.com
2021-08-17 20:24:24,fmovies.com
2021-08-17 20:05:04,mail.google.com
2021-08-16 19:46:57,www.kaggle.com
2021-08-14 17:10:12,keras.io
2021-08-14 15:53:20,thepetiteplanner.com
2021-08-13 15:15:55,stackoverflow.com
2021-08-11 08:40:01,medium.com
2021-08-11 08:40:01,towardsdatascience.com
2021-08-11 08:40:01,towardsdatascience.com
2021-08-10 17:01:53,www.overleaf.com
2021-08-10 17:01:53,www.overleaf.com
2021-08-10 12:53:15,www.overleaf.com
2021-08-10 06:54:51,calendar.google.com
2021-08-10 06:54:51,calendar.google.com
2021-08-10 06:54:41,calendar.google.com
2021-08-10 06:54:17,accounts.google.com
2021-08-10 06:54:17,calendar.google.com
2021-08-08 09:47:17,www.apartments.com
2021-08-04 00:32:09,piratebay.party
2021-08-04 00:32:09,piratebay.party
2021-08-04 00:24:28,www.hotstar.com
2021-08-02 23:35:39,192.168.1.1
2021-07-27 06:20:59,www.zara.com
2021-07-27 03:04:04,inrprepaid.icicibank.com
2021-07-26 02:31:44,maccaron.in
2021-07-24 14:18:53,www.myntra.com
2021-07-23 01:15:58,www.myntra.com
2021-07-22 02:03:37,maccaron.in
2021-07-21 06:34:53,www.bluedart.com
2021-07-21 03:03:02,shop4reebok.com
2021-07-21 03:03:02,shop4reebok.com
2021-07-20 00:58:07,www.amazon.in
2021-07-19 03:26:41,www.qatarairways.com
2021-07-18 13:52:33,www.flipkart.com
2021-07-18 09:49:56,shop4reebok.com
2021-07-17 11:30:05,www.nike.com
2021-07-16 23:06:58,www.myntra.com
2021-07-16 13:01:38,www.ajio.com
2021-07-16 10:04:57,www.icicilombard.com
2021-07-16 09:56:43,icicilombard.com
2021-07-16 09:56:43,icicilombard.com
2021-07-14 11:26:59,www.zara.com
2021-07-14 11:25:54,www.zara.com
2021-07-12 06:57:01,eregister.tnega.org
2021-07-12 06:57:01,eregister.tnega.org
2021-07-12 04:08:19,www.makemytrip.com
2021-07-11 09:40:47,tnepass.tnega.org
2021-07-11 06:47:45,accounts.google.com
2021-07-11 06:47:45,photos.google.com
2021-07-11 06:47:45,photos.google.com
2021-07-11 06:47:45,photos.google.com
2021-07-11 05:55:10,www.ajio.com
2021-07-10 05:00:17,bookme.airindia.in
2021-07-10 01:59:33,ceac.state.gov
2021-07-10 01:59:33,ceac.state.gov
2021-07-09 12:21:40,www.facebook.com
2021-07-09 01:00:23,www.qatarairways.com
2021-07-07 07:37:25,www.primevideo.com
2021-07-06 10:11:13,www.primevideo.com
2021-07-05 23:26:17,datascience.umbc.edu
2021-07-05 23:26:17,professionalprograms.umbc.edu
2021-07-05 23:26:17,professionalprograms.umbc.edu
